[{"city":"Toronto","state":"ON","population":5647656},{"city":"Montreal","state":"QC","population":3675219},{"city":"Vancouver","state":"BC","population":2426160},{"city":"Calgary","state":"AB","population":1306784},{"city":"Edmonton","state":"AB","population":1151635},{"city":"Ottawa","state":"ON","population":1068821},{"city":"Winnipeg","state":"MB","population":758515},{"city":"Quebec City","state":"QC","population":733156},{"city":"Hamilton","state":"ON","population":729560},{"city":"Mississauga","state":"ON","population":717961},{"city":"Brampton","state":"ON","population":656480},{"city":"Surrey","state":"BC","population":568322},{"city":"Kitchener","state":"ON","population":522888},{"city":"Halifax","state":"NS","population":439819},{"city":"Laval","state":"QC","population":438366},{"city":"London","state":"ON","population":423369},{"city":"Victoria","state":"BC","population":363222},{"city":"Markham","state":"ON","population":338503},{"city":"Oshawa","state":"ON","population":335949},{"city":"Vaughan","state":"ON","population":323103},{"city":"Windsor","state":"ON","population":306519},{"city":"Gatineau","state":"QC","population":291041},{"city":"Saskatoon","state":"SK","population":266141},{"city":"Longueuil","state":"QC","population":254483},{"city":"Burnaby","state":"BC","population":249125},{"city":"St. Catharines","state":"ON","population":242460},{"city":"Regina","state":"SK","population":226404},{"city":"Oakville","state":"ON","population":213759},{"city":"Richmond","state":"BC","population":209937},{"city":"Richmond Hill","state":"ON","population":202022},{"city":"Burlington","state":"ON","population":186948},{"city":"St. John's","state":"NL","population":185565},{"city":"Kelowna","state":"BC","population":181380},{"city":"Sherbrooke","state":"QC","population":172950},{"city":"Sudbury","state":"ON","population":166004},{"city":"Barrie","state":"ON","population":154676},{"city":"Abbotsford","state":"BC","population":153524},{"city":"Levis","state":"QC","population":149683},{"city":"Coquitlam","state":"BC","population":148625},{"city":"Saguenay","state":"QC","population":144723},{"city":"Guelph","state":"ON","population":144356},{"city":"Trois-Rivieres","state":"QC","population":139163},{"city":"Whitby","state":"ON","population":138501},{"city":"Cambridge","state":"ON","population":138479},{"city":"Milton","state":"ON","population":132979},{"city":"Ajax","state":"ON","population":126666},{"city":"Waterloo","state":"ON","population":121436},{"city":"Terrebonne","state":"QC","population":119944},{"city":"Moncton","state":"NB","population":119785},{"city":"Saanich","state":"BC","population":117735},{"city":"White Rock","state":"BC","population":109167},{"city":"Thunder Bay","state":"ON","population":108843},{"city":"Delta","state":"BC","population":108455},{"city":"Nanaimo","state":"BC","population":106079},{"city":"Brantford","state":"ON","population":104688},{"city":"Chatham","state":"ON","population":103988},{"city":"Clarington","state":"ON","population":101427},{"city":"Saint-Jerome","state":"QC","population":100859},{"city":"Red Deer","state":"AB","population":100844},{"city":"Pickering","state":"ON","population":99186},{"city":"Lethbridge","state":"AB","population":98406},{"city":"Kamloops","state":"BC","population":97902},{"city":"Saint-Jean-sur-Richelieu","state":"QC","population":97873},{"city":"Niagara Falls","state":"ON","population":94415},{"city":"Cape Breton","state":"NS","population":93694},{"city":"Chilliwack","state":"BC","population":93203},{"city":"Brossard","state":"QC","population":91525},{"city":"Maple Ridge","state":"BC","population":90990},{"city":"Newmarket","state":"ON","population":87942},{"city":"Repentigny","state":"QC","population":86100},{"city":"Peterborough","state":"ON","population":84793},{"city":"Drummondville","state":"QC","population":79258},{"city":"Kawartha Lakes","state":"ON","population":79247},{"city":"New Westminster","state":"BC","population":78916},{"city":"Prince George","state":"BC","population":76708},{"city":"Caledon","state":"ON","population":76581},{"city":"Chateauguay","state":"QC","population":75891},{"city":"Belleville","state":"ON","population":75052},{"city":"Airdrie","state":"AB","population":74100},{"city":"Sarnia","state":"ON","population":73944},{"city":"Wood Buffalo","state":"AB","population":72326},{"city":"Sault Ste. Marie","state":"ON","population":72051},{"city":"Saint John","state":"NB","population":69895},{"city":"Welland","state":"ON","population":69302},{"city":"Granby","state":"QC","population":69025},{"city":"St. Albert","state":"AB","population":68232},{"city":"Fredericton","state":"NB","population":64614},{"city":"Grande Prairie","state":"AB","population":64141},{"city":"Medicine Hat","state":"AB","population":63382},{"city":"Halton Hills","state":"ON","population":62951},{"city":"Aurora","state":"ON","population":62057},{"city":"Port Coquitlam","state":"BC","population":61498},{"city":"Mirabel","state":"QC","population":61108},{"city":"Blainville","state":"QC","population":59819},{"city":"Lac-Brome","state":"QC","population":58889},{"city":"North Vancouver","state":"BC","population":58120},{"city":"Saint-Hyacinthe","state":"QC","population":57239},{"city":"Beloeil","state":"QC","population":52959},{"city":"North Bay","state":"ON","population":52662},{"city":"Charlottetown","state":"PE","population":52390},{"city":"Vernon","state":"BC","population":51896},{"city":"Brandon","state":"MB","population":51313},{"city":"Mascouche","state":"QC","population":51183},{"city":"Stouffville","state":"ON","population":49864},{"city":"Shawinigan","state":"QC","population":49620},{"city":"Joliette","state":"QC","population":49246},{"city":"Rimouski","state":"QC","population":48935},{"city":"Courtenay","state":"BC","population":48917},{"city":"Dollard-des-Ormeaux","state":"QC","population":48403},{"city":"Cornwall","state":"ON","population":47845},{"city":"Victoriaville","state":"QC","population":47760},{"city":"Georgina","state":"ON","population":47642},{"city":"Woodstock","state":"ON","population":46705},{"city":"Langford Station","state":"BC","population":46584},{"city":"Quinte West","state":"ON","population":46560},{"city":"St. Thomas","state":"ON","population":45732},{"city":"Saint-Eustache","state":"QC","population":45276},{"city":"West Vancouver","state":"BC","population":44122},{"city":"New Tecumseth","state":"ON","population":43948},{"city":"Innisfil","state":"ON","population":43326},{"city":"Vaudreuil-Dorion","state":"QC","population":43268},{"city":"Bradford West Gwillimbury","state":"ON","population":42880},{"city":"Salaberry-de-Valleyfield","state":"QC","population":42787},{"city":"Rouyn-Noranda","state":"QC","population":42313},{"city":"Boucherville","state":"QC","population":41743},{"city":"Mission","state":"BC","population":41519},{"city":"Timmins","state":"ON","population":41145},{"city":"Lakeshore","state":"ON","population":40410},{"city":"Brant","state":"ON","population":39474},{"city":"Spruce Grove","state":"AB","population":39348},{"city":"Campbell River","state":"BC","population":38108},{"city":"Prince Albert","state":"SK","population":37756},{"city":"Penticton","state":"BC","population":36893},{"city":"Sorel-Tracy","state":"QC","population":36650},{"city":"East Kelowna","state":"BC","population":36078},{"city":"Leamington","state":"ON","population":35730},{"city":"East Gwillimbury","state":"ON","population":34637},{"city":"Cote-Saint-Luc","state":"QC","population":34504},{"city":"Orangeville","state":"ON","population":34177},{"city":"Leduc","state":"AB","population":34094},{"city":"Moose Jaw","state":"SK","population":33665},{"city":"Port Moody","state":"BC","population":33535},{"city":"Pointe-Claire","state":"QC","population":33488},{"city":"Orillia","state":"ON","population":33411},{"city":"Stratford","state":"ON","population":33232},{"city":"Fort Erie","state":"ON","population":32901},{"city":"Val-d'Or","state":"QC","population":32752},{"city":"LaSalle","state":"ON","population":32721},{"city":"Cochrane","state":"AB","population":32199},{"city":"North Cowichan","state":"BC","population":31990},{"city":"Lloydminster","state":"SK","population":31582},{"city":"Chambly","state":"QC","population":31444},{"city":"Centre Wellington","state":"ON","population":31093},{"city":"Okotoks","state":"AB","population":30405},{"city":"Alma","state":"QC","population":30331},{"city":"Sainte-Julie","state":"QC","population":30045},{"city":"Saint-Constant","state":"QC","population":29954},{"city":"Langley","state":"BC","population":28963},{"city":"Grimsby","state":"ON","population":28883},{"city":"Magog","state":"QC","population":28312},{"city":"Boisbriand","state":"QC","population":28308},{"city":"Whitehorse","state":"YT","population":28201},{"city":"Dieppe","state":"NB","population":28114},{"city":"King","state":"ON","population":27333},{"city":"Parksville","state":"BC","population":27330},{"city":"Conception Bay South","state":"NL","population":27168},{"city":"Fort Saskatchewan","state":"AB","population":27088},{"city":"Woolwich","state":"ON","population":26999},{"city":"Sainte-Therese","state":"QC","population":26533},{"city":"Clarence-Rockland","state":"ON","population":26505},{"city":"La Prairie","state":"QC","population":26406},{"city":"Saint-Bruno-de-Montarville","state":"QC","population":26273},{"city":"Midland","state":"ON","population":26246},{"city":"Thetford Mines","state":"QC","population":26072},{"city":"Lincoln","state":"ON","population":25719},{"city":"Quispamsis","state":"NB","population":24881},{"city":"Wasaga Beach","state":"ON","population":24862},{"city":"Collingwood","state":"ON","population":24811},{"city":"Sept-Iles","state":"QC","population":24569},{"city":"Duncan","state":"BC","population":24358},{"city":"Hudson","state":"QC","population":24245},{"city":"Saint-Lin--Laurentides","state":"QC","population":24030},{"city":"Strathroy-Caradoc","state":"ON","population":23871},{"city":"Squamish","state":"BC","population":23819},{"city":"Thorold","state":"ON","population":23816},{"city":"Truro","state":"NS","population":23583},{"city":"Amherstburg","state":"ON","population":23524},{"city":"L'Assomption","state":"QC","population":23442},{"city":"Tecumseh","state":"ON","population":23300},{"city":"Candiac","state":"QC","population":22997},{"city":"Essa","state":"ON","population":22970},{"city":"Paradise","state":"NL","population":22957},{"city":"Saint-Lambert","state":"QC","population":22761},{"city":"Mount Pearl Park","state":"NL","population":22477},{"city":"Saint-Lazare","state":"QC","population":22354},{"city":"Owen Sound","state":"ON","population":22318},{"city":"Brockville","state":"ON","population":22293},{"city":"Chestermere","state":"AB","population":22163},{"city":"Kingsville","state":"ON","population":22119},{"city":"Port Alberni","state":"BC","population":21711},{"city":"Springwater","state":"ON","population":21701},{"city":"Scugog","state":"ON","population":21617},{"city":"Uxbridge","state":"ON","population":21556},{"city":"Fort St. John","state":"BC","population":21465},{"city":"Wilmot","state":"ON","population":21429},{"city":"Essex","state":"ON","population":21216},{"city":"Varennes","state":"QC","population":21198},{"city":"Oro-Medonte","state":"ON","population":21036},{"city":"Mont-Royal","state":"QC","population":20953},{"city":"Beaumont","state":"AB","population":20888},{"city":"Baie-Comeau","state":"QC","population":20687},{"city":"Riverview","state":"NB","population":20584},{"city":"Cobourg","state":"ON","population":20519},{"city":"Cranbrook","state":"BC","population":20499},{"city":"Yellowknife","state":"NT","population":20340},{"city":"South Frontenac","state":"ON","population":20188},{"city":"Riviere-du-Loup","state":"QC","population":20118},{"city":"Port Colborne","state":"ON","population":20033},{"city":"Saint-Augustin-de-Desmaures","state":"QC","population":19907},{"city":"Huntsville","state":"ON","population":19816},{"city":"Sainte-Marthe-sur-le-Lac","state":"QC","population":19797},{"city":"Lloydminster","state":"AB","population":19739},{"city":"Westmount","state":"QC","population":19658},{"city":"Russell","state":"ON","population":19598},{"city":"Les Coteaux","state":"QC","population":19582},{"city":"Salmon Arm","state":"BC","population":19432},{"city":"Kirkland","state":"QC","population":19413},{"city":"Corner Brook","state":"NL","population":19333},{"city":"New Glasgow","state":"NS","population":19316},{"city":"Dorval","state":"QC","population":19302},{"city":"Beaconsfield","state":"QC","population":19277},{"city":"Pitt Meadows","state":"BC","population":19146},{"city":"Niagara-on-the-Lake","state":"ON","population":19088},{"city":"Colwood","state":"BC","population":18961},{"city":"Middlesex Centre","state":"ON","population":18928},{"city":"Mont-Saint-Hilaire","state":"QC","population":18859},{"city":"Camrose","state":"AB","population":18772},{"city":"Selwyn","state":"ON","population":18653},{"city":"Tillsonburg","state":"ON","population":18615},{"city":"Pelham","state":"ON","population":18192},{"city":"Petawawa","state":"ON","population":18160},{"city":"Stony Plain","state":"AB","population":17993},{"city":"Oak Bay","state":"BC","population":17990},{"city":"North Grenville","state":"ON","population":17964},{"city":"Loyalist","state":"ON","population":17943},{"city":"Deux-Montagnes","state":"QC","population":17915},{"city":"Steinbach","state":"MB","population":17806},{"city":"Saint-Colomban","state":"QC","population":17740},{"city":"Miramichi","state":"NB","population":17692},{"city":"Esquimalt","state":"BC","population":17533},{"city":"Central Saanich","state":"BC","population":17385},{"city":"Sainte-Catherine","state":"QC","population":17347},{"city":"Port Hope","state":"ON","population":17294},{"city":"Inverness","state":"NS","population":17235},{"city":"Saint-Basile-le-Grand","state":"QC","population":17053},{"city":"L'Ancienne-Lorette","state":"QC","population":16970},{"city":"Swift Current","state":"SK","population":16750},{"city":"Pembroke","state":"ON","population":16571},{"city":"Edmundston","state":"NB","population":16437},{"city":"Yorkton","state":"SK","population":16280},{"city":"Springfield","state":"MB","population":16142},{"city":"Sylvan Lake","state":"AB","population":16142},{"city":"Bracebridge","state":"ON","population":16010},{"city":"Summerside","state":"PE","population":16001},{"city":"Canmore","state":"AB","population":15990},{"city":"Bathurst","state":"NB","population":15985},{"city":"Greater Napanee","state":"ON","population":15892},{"city":"Lake Country","state":"BC","population":15817},{"city":"Hanover","state":"MB","population":15733},{"city":"Winkler","state":"MB","population":15335},{"city":"Saint-Charles-Borromee","state":"QC","population":15285},{"city":"Cowansville","state":"QC","population":15234},{"city":"Sainte-Anne-des-Plaines","state":"QC","population":15221},{"city":"Gaspe","state":"QC","population":15163},{"city":"Sooke","state":"BC","population":15086},{"city":"Kenora","state":"ON","population":14967},{"city":"Cold Lake","state":"AB","population":14961},{"city":"Brooks","state":"AB","population":14924},{"city":"Kentville","state":"NS","population":14905},{"city":"Comox","state":"BC","population":14806},{"city":"Pincourt","state":"QC","population":14751},{"city":"Mississippi Mills","state":"ON","population":14740},{"city":"St. Clair","state":"ON","population":14659},{"city":"Terrace","state":"BC","population":14633},{"city":"Mercier","state":"QC","population":14626},{"city":"West Lincoln","state":"ON","population":14500},{"city":"Lavaltrie","state":"QC","population":14425},{"city":"West Nipissing / Nipissing Ouest","state":"ON","population":14364},{"city":"Strathmore","state":"AB","population":14339},{"city":"High River","state":"AB","population":14324},{"city":"Clearview","state":"ON","population":14151},{"city":"Lachute","state":"QC","population":14100},{"city":"Rosemere","state":"QC","population":14090},{"city":"Matane","state":"QC","population":13987},{"city":"Thames Centre","state":"ON","population":13980},{"city":"Powell River","state":"BC","population":13943},{"city":"Carleton Place","state":"ON","population":13940},{"city":"Guelph/Eramosa","state":"ON","population":13904},{"city":"Grand Falls","state":"NL","population":13853},{"city":"North Battleford","state":"SK","population":13836},{"city":"Mont-Laurier","state":"QC","population":13779},{"city":"Central Elgin","state":"ON","population":13746},{"city":"Mistassini","state":"QC","population":13718},{"city":"Saugeen Shores","state":"ON","population":13715},{"city":"Ingersoll","state":"ON","population":13693},{"city":"Beauharnois","state":"QC","population":13638},{"city":"South Stormont","state":"ON","population":13570},{"city":"Becancour","state":"QC","population":13561},{"city":"Severn","state":"ON","population":13477},{"city":"Lacombe","state":"AB","population":13396},{"city":"Sainte-Sophie","state":"QC","population":13375},{"city":"Val-des-Monts","state":"QC","population":13328},{"city":"Saint-Amable","state":"QC","population":13322},{"city":"Portage La Prairie","state":"MB","population":13270},{"city":"South Glengarry","state":"ON","population":13150},{"city":"Sainte-Marie","state":"QC","population":13134},{"city":"North Perth","state":"ON","population":13130},{"city":"Thompson","state":"MB","population":13035},{"city":"Trent Hills","state":"ON","population":12900},{"city":"Trail","state":"BC","population":12863},{"city":"The Nation / La Nation","state":"ON","population":12808},{"city":"Amos","state":"QC","population":12675},{"city":"Wetaskiwin","state":"AB","population":12594},{"city":"West Grey","state":"ON","population":12518},{"city":"Warman","state":"SK","population":12419},{"city":"Dawson Creek","state":"BC","population":12323},{"city":"Sidney","state":"BC","population":12318},{"city":"Gravenhurst","state":"ON","population":12311},{"city":"Prince Rupert","state":"BC","population":12300},{"city":"Perth East","state":"ON","population":12261},{"city":"North Saanich","state":"BC","population":12235},{"city":"Prevost","state":"QC","population":12171},{"city":"Sainte-Adele","state":"QC","population":12137},{"city":"Sainte-Agathe-des-Monts","state":"QC","population":12136},{"city":"Quesnel","state":"BC","population":12110},{"city":"Les Iles-de-la-Madeleine","state":"QC","population":12010},{"city":"Tache","state":"MB","population":11916},{"city":"Wellington North","state":"ON","population":11914},{"city":"St. Andrews","state":"MB","population":11913},{"city":"Williams Lake","state":"BC","population":11906},{"city":"Gander","state":"NL","population":11880},{"city":"Whistler","state":"BC","population":11854},{"city":"Brighton","state":"ON","population":11844},{"city":"Tiny","state":"ON","population":11787},{"city":"Hawkesbury","state":"ON","population":11755},{"city":"Carignan","state":"QC","population":11740},{"city":"Brock","state":"ON","population":11642},{"city":"L'Ile-Perrot","state":"QC","population":11638},{"city":"Summerland","state":"BC","population":11615},{"city":"St. Clements","state":"MB","population":11586},{"city":"View Royal","state":"BC","population":11575},{"city":"Montmagny","state":"QC","population":11491},{"city":"Cantley","state":"QC","population":11449},{"city":"Erin","state":"ON","population":11439},{"city":"Notre-Dame-de-l'Ile-Perrot","state":"QC","population":11427},{"city":"Kincardine","state":"ON","population":11389},{"city":"Elliot Lake","state":"ON","population":11372},{"city":"Bromont","state":"QC","population":11357},{"city":"Arnprior","state":"ON","population":11305},{"city":"North Dundas","state":"ON","population":11278},{"city":"Wellesley","state":"ON","population":11260},{"city":"Nelson","state":"BC","population":11198},{"city":"Ladysmith","state":"BC","population":11194},{"city":"Coldstream","state":"BC","population":11171},{"city":"Georgian Bluffs","state":"ON","population":11100},{"city":"Weyburn","state":"SK","population":11019},{"city":"La Tuque","state":"QC","population":11001},{"city":"Norwich","state":"ON","population":11001},{"city":"Meaford","state":"ON","population":10991},{"city":"Adjala-Tosorontio","state":"ON","population":10975},{"city":"Hamilton Township","state":"ON","population":10942},{"city":"Stratford","state":"PE","population":10927},{"city":"Estevan","state":"SK","population":10851},{"city":"South Dundas","state":"ON","population":10833},{"city":"Lambton Shores","state":"ON","population":10631},{"city":"North Dumfries","state":"ON","population":10619},{"city":"Martensville","state":"SK","population":10549},{"city":"Mapleton","state":"ON","population":10527},{"city":"Rawdon","state":"QC","population":10416},{"city":"Morinville","state":"AB","population":10385},{"city":"Blackfalds","state":"AB","population":10315},{"city":"Chester","state":"NS","population":10310},{"city":"Queens","state":"NS","population":10307},{"city":"Selkirk","state":"MB","population":10278},{"city":"Saint-Felicien","state":"QC","population":10278},{"city":"Roberval","state":"QC","population":10227},{"city":"Rideau Lakes","state":"ON","population":10207},{"city":"Sechelt","state":"BC","population":10200},{"city":"Bois-des-Filion","state":"QC","population":10159},{"city":"North Glengarry","state":"ON","population":10109},{"city":"South Huron","state":"ON","population":10096},{"city":"Marieville","state":"QC","population":10094},{"city":"Penetanguishene","state":"ON","population":10077},{"city":"Tay","state":"ON","population":10033},{"city":"Castlegar","state":"BC","population":10029},{"city":"Cavan Monaghan","state":"ON","population":10016},{"city":"Morden","state":"MB","population":9929},{"city":"Temiskaming Shores","state":"ON","population":9920},{"city":"Hinton","state":"AB","population":9882},{"city":"Saint-Sauveur","state":"QC","population":9881},{"city":"Grey Highlands","state":"ON","population":9804},{"city":"East St. Paul","state":"MB","population":9725},{"city":"Stoneham-et-Tewkesbury","state":"QC","population":9682},{"city":"Alfred and Plantagenet","state":"ON","population":9680},{"city":"Mont-Tremblant","state":"QC","population":9646},{"city":"Saint-Zotique","state":"QC","population":9618},{"city":"Saint-Raymond","state":"QC","population":9615},{"city":"Gibsons","state":"BC","population":9603},{"city":"Amherst","state":"NS","population":9548},{"city":"Elizabethtown-Kitley","state":"ON","population":9545},{"city":"Smiths Falls","state":"ON","population":9517},{"city":"Lorraine","state":"QC","population":9502},{"city":"Ramara","state":"ON","population":9488},{"city":"Notre-Dame-des-Prairies","state":"QC","population":9471},{"city":"Leeds and the Thousand Islands","state":"ON","population":9465},{"city":"Brockton","state":"ON","population":9461},{"city":"Laurentian Valley","state":"ON","population":9450},{"city":"Mono","state":"ON","population":9421},{"city":"Sainte-Julienne","state":"QC","population":9331},{"city":"Qualicum Beach","state":"BC","population":9303},{"city":"Malahide","state":"ON","population":9292},{"city":"Oromocto","state":"NB","population":9223},{"city":"Whitecourt","state":"AB","population":9195},{"city":"Olds","state":"AB","population":9184},{"city":"Huron East","state":"ON","population":9138},{"city":"Beckwith","state":"ON","population":9021},{"city":"Labrador City","state":"NL","population":9011},{"city":"Shelburne","state":"ON","population":8989},{"city":"Stanley","state":"MB","population":8981},{"city":"Taber","state":"AB","population":8978},{"city":"Donnacona","state":"QC","population":8952},{"city":"Corman Park No. 344","state":"SK","population":8909},{"city":"L'Epiphanie","state":"QC","population":8883},{"city":"West Perth","state":"ON","population":8865},{"city":"Campbellton","state":"NB","population":8833},{"city":"Bridgewater","state":"NS","population":8790},{"city":"Coaldale","state":"AB","population":8771},{"city":"Pont-Rouge","state":"QC","population":8723},{"city":"Champlain","state":"ON","population":8706},{"city":"Coaticook","state":"QC","population":8698},{"city":"Minto","state":"ON","population":8671},{"city":"La Peche","state":"QC","population":8636},{"city":"Shediac","state":"NB","population":8563},{"city":"Otterburn Park","state":"QC","population":8479},{"city":"Sainte-Brigitte-de-Laval","state":"QC","population":8468},{"city":"Sainte-Catherine-de-la-Jacques-Cartier","state":"QC","population":8442},{"city":"South Bruce Peninsula","state":"ON","population":8416},{"city":"Portugal Cove-St. Philip's","state":"NL","population":8415},{"city":"Edson","state":"AB","population":8414},{"city":"Renfrew","state":"ON","population":8337},{"city":"Farnham","state":"QC","population":8330},{"city":"Delson","state":"QC","population":8328},{"city":"Plympton-Wyoming","state":"ON","population":8308},{"city":"Banff","state":"AB","population":8305},{"city":"Kapuskasing","state":"ON","population":8292},{"city":"La Malbaie","state":"QC","population":8271},{"city":"Boischatel","state":"QC","population":8231},{"city":"Beauport","state":"QC","population":8164},{"city":"Zorra","state":"ON","population":8138},{"city":"Kitimat","state":"BC","population":8131},{"city":"Macdonald","state":"MB","population":8120},{"city":"Happy Valley","state":"NL","population":8109},{"city":"Saint-Hippolyte","state":"QC","population":8083},{"city":"Dauphin","state":"MB","population":8034},{"city":"Church Point","state":"NS","population":8018},{"city":"Old Chelsea","state":"QC","population":8000},{"city":"Drumheller","state":"AB","population":7982},{"city":"Kirkland Lake","state":"ON","population":7981},{"city":"Aylmer","state":"ON","population":7975},{"city":"Saint-Apollinaire","state":"QC","population":7968},{"city":"Puslinch","state":"ON","population":7944},{"city":"Argyle","state":"NS","population":7899},{"city":"Torbay","state":"NL","population":7852},{"city":"Yarmouth","state":"NS","population":7848},{"city":"Innisfail","state":"AB","population":7847},{"city":"Nicolet","state":"QC","population":7828},{"city":"Rockwood","state":"MB","population":7823},{"city":"Drummond/North Elmsley","state":"ON","population":7773},{"city":"Contrecoeur","state":"QC","population":7768},{"city":"Hanover","state":"ON","population":7761},{"city":"Dryden","state":"ON","population":7749},{"city":"Iqaluit","state":"NU","population":7740},{"city":"Fort Frances","state":"ON","population":7739},{"city":"Goderich","state":"ON","population":7728},{"city":"La Sarre","state":"QC","population":7719},{"city":"Chandler","state":"QC","population":7703},{"city":"Stone Mills","state":"ON","population":7702},{"city":"South-West Oxford","state":"ON","population":7664},{"city":"Acton Vale","state":"QC","population":7664},{"city":"Douro-Dummer","state":"ON","population":7632},{"city":"Saint-Philippe","state":"QC","population":7597},{"city":"McNab/Braeside","state":"ON","population":7591},{"city":"Central Huron","state":"ON","population":7576},{"city":"Rigaud","state":"QC","population":7566},{"city":"Louiseville","state":"QC","population":7517},{"city":"Chibougamau","state":"QC","population":7504},{"city":"Coteau-du-Lac","state":"QC","population":7473},{"city":"Ritchot","state":"MB","population":7469},{"city":"Kimberley","state":"BC","population":7425},{"city":"Blandford-Blenheim","state":"ON","population":7399},{"city":"Bayham","state":"ON","population":7396},{"city":"Augusta","state":"ON","population":7353},{"city":"Stephenville","state":"NL","population":7344},{"city":"The Pas","state":"MB","population":7302},{"city":"St. Marys","state":"ON","population":7271},{"city":"Saint-Remi","state":"QC","population":7265},{"city":"Drayton Valley","state":"AB","population":7235},{"city":"Ponoka","state":"AB","population":7229},{"city":"Southgate","state":"ON","population":7190},{"city":"Les Cedres","state":"QC","population":7184},{"city":"Baie-Saint-Paul","state":"QC","population":7146},{"city":"Merritt","state":"BC","population":7139},{"city":"Bluewater","state":"ON","population":7136},{"city":"East Zorra-Tavistock","state":"ON","population":7129},{"city":"Brownsburg","state":"QC","population":7122},{"city":"Asbestos","state":"QC","population":7096},{"city":"Otonabee-South Monaghan","state":"ON","population":7087},{"city":"Huron-Kinloss","state":"ON","population":7069},{"city":"Hampstead","state":"QC","population":7037},{"city":"Saint-Joseph-du-Lac","state":"QC","population":7031},{"city":"Plessisville","state":"QC","population":7028},{"city":"The Blue Mountains","state":"ON","population":7025},{"city":"Whitewater Region","state":"ON","population":7009},{"city":"Edwardsburgh/Cardinal","state":"ON","population":6959},{"city":"Sainte-Anne-des-Monts","state":"QC","population":6933},{"city":"Bay Roberts","state":"NL","population":6897},{"city":"Wainfleet","state":"ON","population":6887},{"city":"North Stormont","state":"ON","population":6873},{"city":"Alnwick/Haldimand","state":"ON","population":6869},{"city":"Peace River","state":"AB","population":6842},{"city":"Saint-Lambert-de-Lauzon","state":"QC","population":6817},{"city":"Arran-Elderslie","state":"ON","population":6803},{"city":"Parry Sound","state":"ON","population":6788},{"city":"Val-Shefford","state":"QC","population":6711},{"city":"West St. Paul","state":"MB","population":6682},{"city":"Slave Lake","state":"AB","population":6651},{"city":"Port-Cartier","state":"QC","population":6651},{"city":"Barrington","state":"NS","population":6646},{"city":"Rocky Mountain House","state":"AB","population":6635},{"city":"Muskoka Falls","state":"ON","population":6588},{"city":"Cornwall","state":"PE","population":6574},{"city":"Saint-Paul","state":"QC","population":6566},{"city":"Devon","state":"AB","population":6545},{"city":"Perth","state":"ON","population":6486},{"city":"Wainwright","state":"AB","population":6461},{"city":"Shannon","state":"QC","population":6432},{"city":"Saint-Honore","state":"QC","population":6376},{"city":"Beaubassin East / Beaubassin-est","state":"NB","population":6376},{"city":"Bonnyville","state":"AB","population":6359},{"city":"Cramahe","state":"ON","population":6355},{"city":"Beauceville","state":"QC","population":6354},{"city":"North Middlesex","state":"ON","population":6352},{"city":"Beaupre","state":"QC","population":6342},{"city":"Charlemagne","state":"QC","population":6302},{"city":"Kent","state":"BC","population":6300},{"city":"Clarenville","state":"NL","population":6291},{"city":"Mont-Joli","state":"QC","population":6281},{"city":"Pointe-Calumet","state":"QC","population":6281},{"city":"Dysart et al","state":"ON","population":6280},{"city":"Carbonear","state":"NL","population":6235},{"city":"Hope","state":"BC","population":6181},{"city":"Pontiac","state":"QC","population":6142},{"city":"L'Ange-Gardien","state":"QC","population":6102},{"city":"Hindon Hill","state":"ON","population":6088},{"city":"La Broquerie","state":"MB","population":6076},{"city":"Tweed","state":"ON","population":6044},{"city":"Oliver Paipoonge","state":"ON","population":6035},{"city":"Saint-Felix-de-Valois","state":"QC","population":6029},{"city":"Melfort","state":"SK","population":5992},{"city":"Stettler","state":"AB","population":5952},{"city":"Niverville","state":"MB","population":5947},{"city":"McMasterville","state":"QC","population":5936},{"city":"Douglas","state":"NB","population":5935},{"city":"Saint-Calixte","state":"QC","population":5934},{"city":"Lac-Megantic","state":"QC","population":5932},{"city":"Humboldt","state":"SK","population":5869},{"city":"St. Paul","state":"AB","population":5827},{"city":"Saint-Henri","state":"QC","population":5813},{"city":"Peachland","state":"BC","population":5789},{"city":"Vercheres","state":"QC","population":5759},{"city":"Richelieu","state":"QC","population":5742},{"city":"Petrolia","state":"ON","population":5742},{"city":"Southwest Middlesex","state":"ON","population":5723},{"city":"Front of Yonge","state":"ON","population":5710},{"city":"Oliver","state":"BC","population":5708},{"city":"Vegreville","state":"AB","population":5708},{"city":"Princeville","state":"QC","population":5693},{"city":"Saint-Cesaire","state":"QC","population":5686},{"city":"Tay Valley","state":"ON","population":5665},{"city":"South Bruce","state":"ON","population":5639},{"city":"Antigonish","state":"NS","population":5620},{"city":"Crowsnest Pass","state":"AB","population":5589},{"city":"Redcliff","state":"AB","population":5581},{"city":"Val-David","state":"QC","population":5558},{"city":"Fernie","state":"BC","population":5519},{"city":"Windsor","state":"NS","population":5514},{"city":"Notre-Dame-du-Mont-Carmel","state":"QC","population":5467},{"city":"Sainte-Martine","state":"QC","population":5461},{"city":"Creston","state":"BC","population":5459},{"city":"Saint-Roch-de-l'Achigan","state":"QC","population":5453},{"city":"Sussex","state":"NB","population":5447},{"city":"Saint-Pie","state":"QC","population":5438},{"city":"Ashfield-Colborne-Wawanosh","state":"ON","population":5422},{"city":"Trent Lakes","state":"ON","population":5397},{"city":"Northern Rockies","state":"BC","population":5393},{"city":"Gananoque","state":"ON","population":5383},{"city":"Windsor","state":"QC","population":5367},{"city":"Smithers","state":"BC","population":5351},{"city":"Tracadie","state":"NB","population":5349},{"city":"Meadow Lake","state":"SK","population":5344},{"city":"Lanark Highlands","state":"ON","population":5338},{"city":"Sackville","state":"NB","population":5331},{"city":"Grand Falls","state":"NB","population":5326},{"city":"Armstrong","state":"BC","population":5323},{"city":"Cochrane","state":"ON","population":5321},{"city":"La Ronge","state":"SK","population":5317},{"city":"Marystown","state":"NL","population":5316},{"city":"Sioux Lookout","state":"ON","population":5272},{"city":"Didsbury","state":"AB","population":5268},{"city":"Deer Lake","state":"NL","population":5249},{"city":"Woodstock","state":"NB","population":5228},{"city":"Flin Flon","state":"SK","population":5185},{"city":"Brokenhead","state":"MB","population":5122},{"city":"Burton","state":"NB","population":5119},{"city":"Montreal-Ouest","state":"QC","population":5115},{"city":"Spallumcheen","state":"BC","population":5106},{"city":"Westlock","state":"AB","population":5101},{"city":"Temiscouata-sur-le-Lac","state":"QC","population":5096},{"city":"Osoyoos","state":"BC","population":5085},{"city":"Saint Marys","state":"NB","population":5084},{"city":"Hearst","state":"ON","population":5070},{"city":"Metchosin","state":"BC","population":5067},{"city":"Wolfville","state":"NS","population":5057},{"city":"Breslau","state":"ON","population":5053},{"city":"Stonewall","state":"MB","population":5046},{"city":"Memramcook","state":"NB","population":5029},{"city":"Sainte-Anne-de-Bellevue","state":"QC","population":5027},{"city":"Stirling-Rawdon","state":"ON","population":5015},{"city":"Mont-Orford","state":"QC","population":5007},{"city":"Ste. Anne","state":"MB","population":5003}]